,Unnamed: 0,Unnamed: 0.1,title,date,summary,body
0,0.0,0.0,¡Sin tregua! Nuevo incremento en el costo de la gasolina y el diésel a partir del viernes,['23/3/2022'],Precios de la gasolina aumentará hasta tres centésimos desde este viernes hasta el 8 de abril.,"['Nueva alza en el precio del combustible enfrentan panameños. Foto: Archivos', 'Panameños reciben otro golpe al bolsillo y tendrán que enfrentar un nuevo incremento en el precio de la gasolina a partir de este viernes 25 de marzo.', 'La gasolina de 95 octanos subirá tres centésimos, quedando en $1.19 centavos el litro, mientras que el litro de la gasolina\xa0 de 91 octanos subirá dos centavos, quedando en $1.15, detalló este miércoles la Secretaría Nacional de Energía.', 'En tanto, el diésel bajo en azufre subirá su precio un centavo, quedando en $1.14 el litro.', 'Los nuevos precios del combustible entrará a regir a las 5:59 de la mañana del viernes hasta el próximo 8 de abril.']"
1,1.0,1.0,Laurentino Cortizo habló de una economía 'sólida y pujante' a los empresarios en Expocomer 2022,['23/3/2022'],"La celebración de Expocomer 2022 es una señal del avance del país en la recuperación económica marcada por 15% de crecimiento al finalizar el 2021, y de la pujanza de la economía que ha sido reconocida por organismos internacionales, dijo el presidente Cortizo.","['Expocomer, la feria multisectorial más importante de América Latina, se inauguró este 23 de marzo. Foto: Cortesía', 'Todos los indicadores apuntan al crecimiento económico en Panamá, lo cual debe traducirse en la generación de empleos y mejores oportunidades para los panameños, dijo el presidente de la República, Laurentino Cortizo, en un discurso inyectado de positivismo durante la inauguración de la Feria Expocomer 2022.', 'Cortizo calificó la celebración de Expocomer 2022 como una señal del avance del país en la recuperación económica, marcada por 15% de crecimiento al finalizar el 2021, y de la pujanza de la economía que ha sido reconocida por organismos internacionales, dijo Cortizo en el evento, que vuelve a la presencialidad después de dos años.', 'Para este año, Cortizo auguró una perspectiva de crecimiento económico de un 8%, promediando las estimaciones de la Cepal y el Banco Mundial, respaldada por las calificadoras de riesgos.', 'El mandatario apuesta a las alianzas estratégicas entre el gobierno y los sectores productivos para impulsar la recuperación económica y mantener la competitividad como una de las economías más sólidas de América Latina y el Caribe.', 'Citó algunas de las iniciativas impulsadas durante sus 32 meses de gestión, destacando la Ley de Reorganización Conciliada que buscaba conservas las empresas, promover el empleo e impulsar la recuperación economía. Igualmente, se refirió a', 'Exportaciones que superaron los 3,500 millones de dólares en el 2021, y más de 200 millones durante el primer mes del año; la expansión de la plataforma SEM con 14 nuevas empresas durante el 2021, dos nuevos registros en el primer bimestre 2022 que invertirán cerca de 2.4 millones de dólares en Panamá, destacó.\xa0 El Régimen de Zonas Francas cerraron el 2021 con inversiones iniciales 57.4 millones de dólares, resaltó Cortizo a empresarios y autoridades.\n\n', 'Las Políticas de Residente Permanente por Inversiones Calificadas ha generado 72 inversiones certificadas para un acumulado de 39 millones de dólares; la promoción internacional dio frutos con el Bloomberg New Economy Gateway, la oportunidad perfecta para traer inversiones al país.', 'Cortizo destacó el lanzamiento del programa Panamá Mapa de Inversiones en conjunto con el PNUD que apoya a los empresarios en la identificación de oportunidades de inversión y nuevos modelos comerciales para la promoción y avances de los Objetivos de Desarrollo Sostenible.', 'VEA TAMBIÉN:\xa0SPIA: una huelga en la construcción afectará a todos los panameños', 'Para el sector turismo, el mandatario se refirió a los esfuerzos con una inversión de cerca de 800 millones de dólares a nivel nacional, coordinado por el Gabinete Turístico, liderado por el vicepresidente José Gabriel Carrizo. Resaltó el regreso a Panamá Royal Caribbean con 19 operaciones de puerto base y 40 mil visitantes anuales a partir del 2023.', 'Cortizo concluyó su intervención, destacando la tendencia positiva del movimiento comercial en la Zona Libre de Colón y el inicio de la construcción de la planta de gas natural de 670 mega watts con una inversión de mil millones de balboas que generará cerca de 3,000 empleos directos y miles de empleos indirectos. El Centro Bancario Internacional mantienen solidez adecuaciones de capital y liquidez, concluyó Cortizo.']"
2,2.0,2.0,SPIA: una huelga en la construcción afectará a todos los panameños,['23/3/2022'],La SPIA considera que es necesario que prevalezca el diálogo con el fin de lorar un consenso que beneficie a ambas partes.,"['La construcción es un sector importante para la economía del país que se ha visto afectada en los últimos dos años. Foto: Grupo Epasa', 'Una huelga en el sector construcción en este momento afectará a todos los panameños, manifestó la Sociedad Panameña de Ingenieros y Arquitectos (SPIA).', 'Ante el panorama, la SPIA hace un llamado a las partes, es decir a la Cámara Panameña de Construcción (Capac) y el Sindicato Ünico Nacional de Construcción y Similares (Suntracs) para que prevalezca el diálogo.', 'La dirigencia del Suntracs ha anunciado que de no lograr un acuerdo salarial con la Capac iniciarán una huelga a partir del próximo lunes 4 de abril.', 'La SPIA\xa0 considera que es necesario que prevalezca el diálogo con el fin de lorar un consenso que beneficie a ambas partes.', '""Una huelga nacional en estos momentos en el sector construcción cuando la economía del país se mantiene deteriorada por la crisis sanitaria mundial, que ha dejado altos niveles de desempleo en diversos sectores, nos afectará a todos"", indica el comunicado de la SPIA.', 'Recuerda el gremio que Panamá apenas inicia el proceso de recuperación económica y el retorno a las actividades regulares, incluso con algunos sectores productivos siguen inactivos, impactando gravemente la recuperació que tanto se necesita como país.\n\n', 'Agrega que para\xa0 la SPIA así como para el resto del país es importante mantener la paz social y el orden, recordando que aún se mantienen vigentes las medidas extraordinarias de carácter social y económicas adoptadas por el Órgano Ejecutivo, a consecuencia de la pandemia de covid-19.', '""Exhortamos a las partes a resolver estas diferencia de la mejor manera posible, para evitar la medida de huelga, logrando un entendimiento en beneficio de todos"", señala.', 'VEA TAMBIÉN:\xa0Dueños de restaurantes aseguran que están esforzándose para no subir precios a consumidores', 'La SPIA considera que es importante lograr un acuerdo por el bien del país, la paz social y económica de todos los panameños.', 'El Suntracs y Capac negocian la convención colectiva que regirá la relación laboral por los próximos cuatro años.\xa0', '#ComunicadoSPIA | #PresidenteSPIA | #SPIAImportante comunicado a la Nación @CapacPanama @suntracs1 @tvnnoticias @TReporta @SertvNoticias @nexnoticias @ecotvpanama @rpc_radio @radiopanama @radiomiapanama @reformaseoye @OndasCentrales @RadioChiriqui @NoticieroPanama pic.twitter.com/IAUahSBKhh— SPIA | Panamá (@SPIApanama) March 23, 2022']"
3,3.0,3.0,Dueños de restaurantes aseguran que están esforzándose para no subir precios a consumidores,['23/3/2022'],"Eduardo Vaccaro, dueño de restaurante indicó: ""Nosotros estamos haciendo esfuerzos para no ajustar precios a nivel del consumidor, pero ya todos los proveedores nos han informado aumentos de precios. Es una cadena, va ligado al combustible, a los fletes"".","['Los precios en los restaurantes podrían subir en los próximos días. Foto: Grupo Epasa', 'Ante el constante aumento de los combustibles, los dueños de restaurantes aseguran que están evitando\xa0 traspasar el incremento a los consumidores.', 'No obstante, han informado que ya la mayor parte de proveedores han notificado de incremento en los precios de la materia prima.', 'Y es que las autoridades han dicho que es posible que el costo de la gasolina sigue subiendo en las próximas semanas.', 'A nivel mundial el costo del petróleo ha ido subiendo debido al conflicto en Ucrania\xa0 y a otros factores.', 'Eduardo Vacaro, dueño de restaurante indicó:\xa0""Nosotros estamos haciendo esfuerzos para no ajustar precios a nivel del consumidor, pero ya todos los proveedores nos han informado aumentos de precios. Es una cadena, va ligado al combustible, a los fletes"".', 'Ante esta situación los dueños de restaurante han elevado una solicitud al Gobierno para evitar más incrementos.\n\n', 'El vocero indicó: ""Nosotros lo que le estamos solicitando al Gobierno es que ejecutemos planes concretos que faciliten la gestión de la empresa privada, la gestión de creación de empleos"".', 'Plantea que ""pensamos que el Estado tiene suficientes fondos para tomar medidas paliativas por un período corto... mientras superamos esta crisis. estamos pidiéndole al Gobierno que todos nos sentemos y que todos aportemos"".', 'VEA TAMBIÉN:\xa0Medidas a largo plazo para enfrentar aumento de los combustibles', 'Eduardo Vaccaro recordó que la industria del turismo es probablemente la que puede generar empleos más rápidamente. ""Necesitamos también que analicemos la flexibilización de ciertas medidas, pero responsablemente"".']"
4,4.0,4.0,Medidas a largo plazo para enfrentar aumento de los combustibles,['23/3/2022'],"Ante una economía que todavía está en recuperación, el Gobierno tiene que revisar su capacidad fiscal para ver que puede hacer para no afectar más a la población ante la subida drástica de los precios.","['Para esta quincena se tratará de que el precio del diésel, por lo menos, se mantenga, pero no pasará lo mismo con la gasolina. Foto: Archivo', 'A solo horas para que se conozca la resolución con los nuevos precios de la gasolina para los próximos 15 días, lo que se prevé es otro aumento, aunque se trataría de estabilizar el precio del diésel.', 'Jorge Rivera Staff, secretario nacional de Energía, informó que el panorama no ha cambiado y hasta ayer había aumentado 13% el costo internacional del petróleo con respecto a los últimos tres días.', '""Lastimosamente, en nuestro país el 80% del costo de la energía y los combustibles y sus derivados, depende de esa variación"", aceptó el funcionario.', 'Este miércoles debe promulgarse la resolución con los nuevos precios de la gasolina y el diésel que regirán por los siguientes 15 días, desde el viernes 25 de marzo hasta las primeras horas del viernes 8 de abril.', 'El costo del galón de la gasolina de 95 octanos, con la última resolución, quedó en $4.40 en la capital, mientras que el de la gasolina de 91 octanos y el diésel se fijó en $4.28.', 'Ante la petición de los transportistas y dirigentes sindicales de que se congelen los precios de los combustibles, Rivera reiteró que no existe una fórmula posible de atender esa solicitud, que no sea a través de un sacrificio fiscal por parte del Estado.\n\n', ""Recordó que el 20% del costo del combustible en Panamá ya está congelado hace cuatro años, que es el componente local.'"", 'El último aumento en los costos de la gasolina era esperado ante la invasión de Rusia a Ucrania.La actual volatilidad en los precios de los combustibles por la situación geopolítica mundial podría mantenerse por más de seis meses.A finales del año pasado, el Gobierno otorgó $3 millones a 45 mil certificados de operación como ayuda a los transportistas por el aumento en los precios de la gasolina que se venían dando desde ese entonces.Una leve disminución registraron este martes, los precios de petróleo Brent (Reino Unido) que quedó en $115.52 y el de Texas que bajó a $109.31.', 'Este componente lo conforman el impuesto de importación, el flete de transporte y el margen de comercialización.', 'VEA TAMBIÉN:\xa0Aplafa: Pandemia deja una crisis de salud mental en niños, niñas y adolescentes', 'Por otra parte, el secretario de Energía manifestó que Panamá tiene los precios de los combustibles más económicos de todo el continente, entre aquellos países que no producen petróleo.', '""Ya hemos hecho un gran esfuerzo con los sistemas, para tener los precios más económicos posibles"", expresó.', 'Hay que recordar que bajo el gobierno de Ricardo Martinelli (2009-2014), se congeló por una quincena los precios de la gasolina, en septiembre de 2012, en momentos en que estos rebasan los cuatro dólares y se avecinaban nuevos aumentos.', 'Sobre el plan del Ejecutivo ante este drástico aumento del combustible, que podría durar varios meses más, el funcionario adelantó que se analiza, pero no a corto plazo.', ""VEA TAMBIÉN:\xa0'Diputados no dan ni agua a manifestantes'; Mayín Correa propone comité que los reciba"", 'En efecto, Rivera reveló que las medidas que se analizan son a largo plazo, previendo la realidad ante descrita.', '""Tenemos que preparar, no solamente a la sociedad, sino a la capacidad fiscal del Estado para cualquier medida que se tome, pensando en seis meses o más"", dijo Rivera.', 'El funcionario no dio detalles de cuales son las medidas que se analizan, ante la exigencia de diversos sectores, que cada día son más, de que el Gobierno las divulgue y ejecute rápidamente, para paliar el incremento de los precios de los combustibles, lo que incide directamente en todas las actividades productivas del país.', '¡Mira lo que tiene nuestro canal de YouTube!', '\xa0']"
5,5.0,5.0,Sabonge contrató empresas señaladas en escándalos,['23/3/2022'],"MECO, cuyo propietario está detenido en Costa Rica por supuesta corrupción, sigue siendo contratada en Obras Públicas.","['Surgen cuestionamientos sobre la gestión de Rafael Sabonge al frente del Ministerio de Obras Públicas. Foto: Grupo Epasa', 'El ministro de Obras Públicas, Rafael Sabonge, no solo parece tener favoritismo por la constructora Ininco, ligada a una familia que siempre ha estado dentro del circulo de poder de los gobiernos PRD, González Abadia.', 'Solo esta empresa representada por Juan Carlos González Abadia, hermano de Félix Pille González, ha sumado casi 300 millones de dólares en contratos adjudicados por el Ministerio de Obras Públicas (MOP) entre el año pasado y lo que va de este año.', 'Esto incluye contrataciones directas y licitaciones donde Ininco ha sido la única empresa que presentó ofertas. Sin embargo, documentos oficiales revelan que Sabonge también le ha otorgado en menor escala, contratos a empresas investigadas por supuestos actos corrupción en el exterior y a nivel local, entre ellas la tica MECO.', 'El ministro Sabonge también ha contratado con CUSA, la empresa favorita en el MOP durante la gestión del expresidente Juan Carlos Varela y el exministro Ramón Arosemena.', 'Por ejemplo, en junio de 2021, Sabonge ejecutó un fallo del Tribunal Administrativo Tributario donde cambió de contratista a la empresa CUSA por Meco para la construcción de la carretera autopista- Puerto de Vacamonte, por 52 millones 560,924 dólares.', 'Se trata de la empresa que está mencionada en el escándalo Blue Apple y una supuesta cadena de corrupción en obras contratadas por el gobierno de Costa Rica.\n\n', ""Sabonge también contrató a Meco para la construcción y financiamiento del puente vehicular sobre el río Bayano por $22 millones.'"", 'mil 750 dólares es el monto del último contrato refrendado por la Contraloría a Fábrega.', 'mil dólares fue otro contrato refrendado por la Contraloría al Municipio de Panamá.', 'En tanto, CUSA tiene 4 contratos que le ha adjudicado la gestión de Sabonge, entre ellos uno compartido con Ininco por 81.9 millones de dólares para la rehabilitación de la vía La Feria-Playa Paunch, Vía Big Creek-Boca de Drago y las calles internas de Isla Colón en Bosca del Toro.', 'VEA TAMBIÉN:\xa0Encuesta da amplia ventaja a Martinelli', 'También Sabonge le adjudicó a CUSA el diseño y construcción de la carretera panamericana desde Yavisa hasta Pinogama y puentes sobre el río Chucunaque y Río Tuira por 41.2 millones de dólares.', 'CUSA también ha sido beneficiada en el gobierno de Laurentino Cortizo con el contrato de construcción de los puentes modulares para El Progreso por otra cifra millonaria: 78.9 millones de dólares.', 'Por si no fuera poco, Sabonge incluyó a CUSA en los contratos directos que hizo bajo el Estado de emergencia que decretó en el gobierno para Chiriquí en 2020.De forma directa el ministro de Obras Públicas le dio a CUSA la construcción de los puntos críticos en la vía Gualaca-Chiriquí Grande, debido el estado de emergencia decretado en diciembre de 2020 en Chiriquí.', '¡Mira lo que tiene nuestro canal de YouTube!']"
6,6.0,6.0,"Otra vez aumentará la gasolina, pero se tratará de estabilizar el precio del diésel",['22/3/2022'],"Según el Secretario Nacional de Energía, el aumento es inminente ante el comportamiento de los precios del petróleo, cuyo costo ha aumentado 13% en solo cuestión de tres días, sin embargo, se tratará que por lo menos no se sienta el impacto en el diésel.","['El aumento de hace dos semanas osciló entre 10 y 16 centavos el litro. Foto: Archivo', 'A solo horas para que se emita la resolución con los nuevos precios de la gasolina para los próximos 15 días, lo que se prevé es otro aumento, aunque se trataría de estabilizar el precio del diésel.', 'Jorge Rivera Staff, secretario de Energía, informó que el panorama no ha cambiado y hoy se está con un aumento de 13% en el costo internacional del petróleo de los precios que se tenían hace tres días.', '“Lastimosamente, en nuestro país el 80% del costo de la energía y los combustibles y sus derivados, depende de esa variación”, aceptó el funcionario.', 'El costo actual del galón de la gasolina de 95 octanos es de $4.40 en la capital, mientras que de la gasolina de 91 octanos y el diésel es de $4.28.', 'Ante el congelamiento de los precios de los combustibles solicitado por los transportistas, Rivera planteó que no existe una forma posible de atender ese llamado que no sea a través de un sacrificio fiscal del Estado.', 'VEA TAMBIÉN:\xa0Ante el avance del cambio climático en Panamá, los deslizamientos se presentarían con mayor frecuencia\n\n', 'Recordó que el 20% del costo del combustible en Panamá ya está congelado hace cuatro años, que es el componente local.', 'Y sobre las medidas que se analizan en el Estado ante un escenario que podría demorar más de seis meses, el secretario de Energía adelantó que las medidas que se analizan son a largo plazo, previendo la realidad ante descrita.', '“Ya hemos hecho un gran esfuerzo con los sistemas para tener los precios más económicos posibles. Tenemos que preparar, no solamente a la sociedad, sino a la capacidad fiscal del Estado para cualquier medida que se tome, pensando en seis meses o más”, dijo Rivera.', 'Agregó que Panamá tiene los precios de los combustibles más económicos de todo el continente, de aquellos países que no producen petróleo.']"
7,7.0,7.0,"Aplafa: Pandemia deja una crisis de salud mental en niños, niñas y adolescentes",['22/3/2022'],"Advierten impacto que el cierre de los centros educativos y el encierro de niños, niñas y adolescentes en hogares, muchas veces bajo situaciones de violencia o pobreza, han tenido en la salud mental de los menores.","['Trastornos depresivos, conducta bipolar, intento de suicidio, problemas relacionados al duelo y retraso mental, principales atenciones en paidosiquiatría de la Caja de Seguro Social. Foto: Pixabay', 'Un 32% de los niños, niñas y adolescentes en Panamá sintieron molestias en su salud mental a raíz de la pandemia por covid-19 y en 8 de cada 10 hogares existía preocupación por el impacto de la pandemia en la salud mental de los niños y niñas, reveló informe de la Unicef en noviembre 2021.', 'Durante los últimos dos años, la salud mental es un tema recurrente en las atenciones de niños, niñas y adolescentes, afirma la gerente de Planificación y Evaluación de la Asociación Panameña para el Planeamiento de la Familia (Aplafa), Yuri Pittí.', 'Pittí advierte el impacto que el cierre de los centros educativos y el encierro de niños, niñas y adolescentes en hogares, muchas veces bajo situaciones de violencia o pobreza, han tenido en la salud mental de los menores.', 'Las mayores recurrencia durante la pandemia son las atenciones de menores que enfrentaban dificultades para seguir los planes de educación virtual, aquellos que quedaron al cuidado de otras personas con la reactivación económica, y en general, situaciones por menores afectados por situaciones económicas, detalla la experta.', 'Jóvenes que no han podido continuar pagando sus universidades, y que enfrentan dificultades para acceder a los empleos, también están entre las situaciones identificadas en la Aplafa.', 'Esta realidad se reflejará tras el retorno a las aulas, con estudiantes con grandes deficiencias académicas, que provienen de familias que han perdido familiares a causa de la covid-19, o han enfrentado círculos de violencias.\n\n', '""Esta crisis de salud mental afectará el futuro como estas personas se van a relacionar con sus familias, parejas y las formas cómo llevarán sus proyectos de vida"", advierte Pittí.', 'El aislamiento, los cambios repentinos de conductas, autolesiones, comentarios de posible intención de atentar contra su vida, son señales que no pueden pasar desapercibidas.', 'VEA TAMBIÉN: Unesco: A estudiantes de Panamá les cuesta desarrollar ideas en escritura', 'Que un menor advierta que está incómodo con una persona adulta, tampoco se puede dejar pasar por alto, agrega Pittí. Los adultos deben dejar de pensar que los problemas solo los tienen los adultos, y empezar a identificar, escuchar y atender las necesidades que tiene los niños, niñas y adolescentes, señala Pittí.', 'Pittí también advierte una población que está recibiendo poca información sobre la violencia digital. El control, las amenazas y el seguimiento a través de los dispositivos móviles es una constaste y una banderas rojas entre las parejas de jóvenes y adolescentes que dan paso a situacionesviolencia doméstica.', 'La Aplafa cuenta con el programa de Juventud con Opciones en San Miguelito y Santiago para atender a jóvenes de 12 a 25 años de edad, donde se les brinda educación integral en sexualidad, con herramientas para mejorar la calidad de vida, las relaciones familiares, sociales, y se trabaja en proyecto de vida y planificación familiar. Igualmente, cuenta con programas de consejería a las familias y para hombres.', 'Pittí concluye que en Panamá hace falta políticas de Estados para atender esta realidad que se agravó con la pandemia de la covid-19.', 'Durante el primer semestre del 2021, en atención de paidosiquiatría de la Caja de Seguro Social se hospitalizaron 36 pacientes, siendo el grupo de 16 años, el más afectado con predominio de trastornos depresivos, conducta bipolar, intento de suicidio, problemas relacionados al duelo y retraso mental.', 'En consulta externa se reportaron 3,855 pacientes con diagnóstico de trastornos de aprendizaje a raíz de las clases virtuales, además de estrés postraumático, autismo, depresión y de déficit de atención con hiperactividad.', 'La encuesta de Unicef también reveló afectaciones en la salud mental de los cuidadores en Panamá, donde cerca del 58% de los encuestados reportó alguna desmejora en su salud mental a raíz de la pandemia; un aumento de 10 puntos en comparación con noviembre de 2020.']"
8,8.0,8.0,Transformando los sistemas agroalimentarios: de la visión global a la acción regional,['22/3/2022'],"La región podrá enfrentar sus múltiples desafíos, con resultados tangibles que conducirán a una mejor producción y una mejor nutrición.","['América Latina sigue produciendo a pesar de las adversidades. El alto costo de los insumos, la sequía y las plagas afectan mucho. FAO', 'Los sistemas agroalimentarios de América Latina y el Caribe producen más alimentos de los que son necesarios para alimentar a toda su población de 664 millones de personas.', '\xa0', 'Esta gran contribución a la seguridad alimentaria y la nutrición mundial es el resultado de la rica biodiversidad de sus ecosistemas terrestres y marinos, y del trabajo de 18 millones de personas que trabajan en la agricultura y en la pesca.', '\xa0', 'Sin embargo, los sistemas agroalimentarios de la región se encuentran bajo una gran presión. Los impactos de la crisis climática han llevado a desafíos abrumadores, como patrones climáticos erráticos y cada vez más extremos, lluvias reducidas y largos períodos de sequía, huracanes intensos, glaciares que se derriten y temperaturas más altas, por nombrar solo algunos de ellos.', '\xa0\n\n', ""Nuestras propias acciones han causado un gran daño a la biodiversidad de la región, y los desequilibrios ecológicos resultantes tienen un impacto negativo en quienes producen alimentos y en la sociedad en su conjunto.'"", 'millones de personas necesitan alimentación en la región.', 'millones de personas pasan hambre según la FAO.', '\xa0', 'Las dietas también han cambiado, y esto ha llevado a un aumento del sobrepeso y la obesidad que ya es la principal causa de muerte prematura en la región, mientras 60 millones de personas pasan hambre y una cuarta parte de la población regional sufre inseguridad alimentaria moderada o severa, y decenas de millones de habitantes rurales han quedado rezagados y viven en condiciones de pobreza y marginación.', '\xa0', 'El acceso a la ciencia, a la tecnología moderna y a la digitalización es desigual; algunos agricultores y empresas agroalimentarias están a la vanguardia de la innovación global, pero muchos otros están excluidos de estas herramientas fundamentales, y su conocimiento local y ancestral no es reconocido.', '\xa0', 'Todas estas condiciones limitan el desarrollo futuro de los sistemas agroalimentarios de América Latina y el Caribe. Abordar estos desafíos es necesario para que la región continúe desempeñando su papel clave en la comunidad global. Por ello, los países de la región respaldaron por unanimidad el Marco Estratégico 2022-31 de la Organización de las Naciones Unidas para la Agricultura y la Alimentación (FAO). El mandato central del marco es apoyar a sus miembros en la transformación hacia sistemas agroalimentarios MÁS eficientes, inclusivos, resilientes y sostenibles.', '\xa0', 'Del 28 de marzo al 1 de abril, los 33 países de la región participarán en la 37ª Sesión de la Conferencia Regional de la FAO, en Quito, Ecuador, para alcanzar consensos, hacer recomendaciones y tomar las acciones necesarias para incentivar, apoyar y transformar sus sistemas agroalimentarios.', 'VEA TAMBIÉN:\xa0http://Aplican jornadas especiales en colegios de media y premedia, ¿qué impide el retorno 100% presencial?', '\xa0', 'En las próximas décadas, la innovación tecnológica, institucional y social debe estar en el centro de nuestras acciones para asegurar que los sistemas agroalimentarios de la región continúen desempeñando un papel protagónico en la agricultura, el comercio y la seguridad alimentaria a nivel mundial.', '\xa0', 'Se necesita innovación a nivel local y nacional, pero también a nivel regional, porque muchos de los desafíos que enfrentamos requieren una acción coordinada; necesitamos trabajar juntos de manera eficiente, eficaz y coherente para lograr resultados de gran impacto.', '\xa0', 'La FAO tiene la capacidad profesional y técnica para brindar el apoyo necesario para esta acción colectiva. Mediante la movilización de conocimientos y buenas prácticas de todos los rincones de la región y del mundo, la generación de alianzas y el fomento de sinergias y colaboración, la Organización puede hacer que la innovación esté fácilmente disponible para todos, para multiplicar su impacto.', '\xa0', 'La FAO ya lo está haciendo a través de intervenciones mundiales emblemáticas como la Iniciativa Mano de la mano, que está acelerando la inversión y el desarrollo rural; el programa Mil Aldeas Digitales, que está ayudando a pequeños pueblos a dar un gran paso adelante en términos de digitalización; la Plataforma Técnica para la Agricultura Familiar, que apoya la fertilización cruzada de región a región para la innovación política; y la iniciativa Un país, un producto prioritario, que acelera el desarrollo de nuevos productos agrícolas.', 'VEA TAMBIÉN:http://Piden a la Asamblea Nacional rechazar proyecto de Ley que da identidad a bebés fallecidos en el vientre materno', '\xa0', 'En América Latina y el Caribe, la FAO está implementando más de 400 proyectos nacionales, subregionales y regionales, llegando a millones de hogares que participan a lo largo de toda la cadena de valor agroalimentaria, de la granja a la mesa.', '\xa0', 'Trabajando con cientos de socios en el gobierno, la sociedad civil, el sector privado y las comunidades científica y académica, la FAO ha aumentado los recursos financieros para su trabajo en casi un 80 por ciento. Además, la Organización ha experimentado una profunda reforma no solo a nivel mundial, sino también regional, para volverse más transparente, receptiva, ágil, eficaz, digital e innovadora.', '\xa0', 'Estamos dispuestos a hacer más y, sobre todo, a hacerlo mejor, pensando en grande y actuando de forma concreta. Estamos a la espera de las deliberaciones y recomendaciones que emanarán de la próxima Conferencia Regional, y que trazarán el camino para convertir la visión de transformación agroalimentaria en acciones profundamente enraizadas en las condiciones, prioridades y necesidades concretas de América Latina y el Caribe.', 'Al hacerlo, la región podrá enfrentar sus múltiples desafíos, con resultados tangibles que conducirán a una mejor producción, una mejor nutrición, un mejor medio ambiente y una mejor vida para todos, sin dejar a nadie atrás.']"
9,9.0,9.0,Los desafíos para innovar en salud en Panamá,['22/3/2022'],"El evento proyecta la oportunidad para que el país enfoque parte de su agenda de desarrollo 2030 hacia la innovación en salud, no solo como un elemento de su estrategia de crecimiento económico y de generación de empleo, sino también para cerrar las brechas de acceso a la salud entre la población.","['""Es una oportunidad histórica de enfocar parte de la agenda de desarrollo 2030. Archivo', 'La Cámara de Comercio, Industria y Agricultura de Panamá (CCIAP) realizará el próximo viernes 25 de marzo el Foro Panamá, como centro de innovación en salud: oportunidades para el desarrollo sostenible y económico.', '\xa0', 'Será un diálogo multisectorial que, en tres partes, atenderá temas relacionados a la visión de país en cuanto a salud en Panamá, los retos que enfrenta desde prevención, diagnóstico y tratamiento; el impacto del sector salud en el crecimiento económico y el empleo; y la posición de Panamá en la aplicación de medicina personalizada, ecosistema y política, digitalización del sistema. Esto, en el marco de Expocomer 2022, a realizarse en el Panama Convention Center, en Amador.', '\xa0', 'El evento proyecta la oportunidad para que el país enfoque parte de su agenda de desarrollo 2030 hacia la innovación en salud, no solo como un elemento de su estrategia de crecimiento económico y de generación de empleo, sino también para cerrar las brechas de acceso a la salud entre la población.', 'El diálogo, en cada una de sus partes, será liderado por especialistas nacionales e internacionales.durante la agenda del encuentro: “Panamá hacia un nuevo centro de salud e innovación, retos y oportunidades” con el Dr. Jorge Prosperi, asesor en salud global, como expositor; “Inversión en salud, motor de crecimiento y empleo” a cargo de Ali Karami-Ruiz de Business at OCDE; y “Camino hacia una medicina personalizada”, dictado por el Dr. Elmer Huerta, especialista en salud pública. Posterior a cada ponencia se integrarán a la conversación panelistas en representación de las diferentes organizaciones relacionadas con el sector.\n\n', 'Según Gabriel García, representante del Grupo de Salud y Químicos de la CCIAP, el evento reunirá a los actores relacionados en busca de propiciar una discusión amplía y franca que genere propuestas de solución a las diversas necesidades que enfrenta la salud en Panamá de cara al futuro. “Es una oportunidad histórica de enfocar parte de la agenda de desarrollo 2030 hacia la innovación, de evaluar y profundizar las posibilidades de convertirnos en un país que atraiga inversiones enfocadas en el sector. Así mismo, aspiramos a establecer compromisos públicos de los distintos actores, reconociendo la necesidad de la colaboración pública y privada para acelerar las soluciones que requiere Panamá en temas desde el desabastecimiento de medicamentos, al establecimiento de un plan de salud digital y de un marco de acción para implementar la medicina personalizada”.', 'manifiesto en los últimos años la urgencia de contar con un sistema de salud más robusto que permitauna atención personalizada y el acceso a tratamientos innovadores.', 'Mesas de trabajo y compromisos Las conversaciones tienen como foco temas país que en los últimos años distintos actores han puesto de manifiesto como necesidades del sistema de salud y por ello, además del Foro se realizarán tres mesas de trabajo que permitan de forma conjunta plantear una hoja de ruta para avanzar en los principales aspectos de oportunidad y desafío en el país.', '\xa0', '“El objetivo es generar compromisos públicos entre los distintos sectores, para que juntos, podamos dar continuidad a las iniciativas concertadas y acelerar las acciones y soluciones que permitan a la población mejores resultados en salud, y también contribuyan al desarrollo sostenible y económico del sector”, concluyó Gabriel García.', 'Participarán en el foro representantes del Ministerio de Salud (Minsa), Caja de Seguro Social (CSS), Secretaría Nacional de Ciencia y Tecnología (Senacyt), Autoridad de Innovación Gubernamental (AIG), Universidad de Panamá, FEDEFARMA, Colegio Médico de Panamá, Ciencia en Panamá, Roche e Instituto Conmemorativo Gorgas de Estudios de la Salud.']"
10,10.0,10.0,Trabajadores de tierra de Copa ante una inminente huelga desde el viernes,['21/3/2022'],"Los trabajadores no logran ponerse de acuerdo con la empresa en seis cláusulas para terminar de negociar la convención colectiva, de las que cuatro son económicas.","['Son más de 800 trabajadores los que se irían a huelga. Foto: Víctor Arosemena', 'A pocas horas de iniciar una huelga se encuentran los trabajadores de tierra de la empresa Copa, tras estancarse las negociaciones de la nueva convención colectiva que pactan en estos momentos.', 'Fernando Parfait, secretario general del Sindicato Nacional de Trabajadores de la Industria de la Aviación Civil y Similares (Sielas), informó que la huelga está convocada para iniciar el 25 de marzo, sino se llega a un acuerdo con la línea aérea.', '“Esperamos que la empresa haga una propuesta de un aumento justo para que los trabajadores podamos resistir la situación económica que estamos viviendo, producto del alza de combustible y el alto costo de la vida”, señaló Parfait.', 'Son seis cláusulas pendientes por negociar, de las que cuatro son económicas y dos sociales. Los trabajadores piden un aumento de 4%, mientras que Copa ofrece solo 1% y bonos durante los dos primeros años.', 'VEA TAMBIÉN:\xa0Piden a la Asamblea Nacional rechazar proyecto de Ley que da identidad a bebés fallecidos en el vientre materno', '“La empresa, con todo y crisis, ganó de 2016 a la fecha y se ha podido mantener”, sostuvo el dirigente sindical para justificar sus pretensiones de mejoras salariales.\n\n', 'Serían 800 los trabajadores que se abocarían a esta paralización de labores, quienes afectarían las operaciones en tierra de la aerolínea como atención, servicios a los pasajeros, abastecimiento, almacén, President Club y las áreas de Counter y Courier.', 'Según el dirigente sindical, el 30% de los trabajadores de la empresa devengan 600 dólares mensuales de salario, lo que no alcanza frente al aumento en los costos de la canasta básica alimenticia, así como de otros gastos.', 'La realidad del sector, agregó Parfait, es que trabajadores que fueron liquidados mediante el plan de retiro voluntario ofrecido por la empresa ante la pandemia, han vuelto a ser contratados pero con bajos salarios en comparación a lo que antes percibían.']"
11,0.0,0.0, Influenza Aviar de Alta Patogenicidad: Mida decreta alerta zoosanitaria ante riesgo de entrada,['24/3/2022'],Esta enfermedad tiene implicaciones para la salud humana por su capacidad zoonótica y efectos socioeconómicos negativos para la industria avícola nacional.,"['El pie de cría avícola de Panamá proviene principalmente de Estados Unidos. Foto: EFE', 'Ante el riesgo\xa0 de introducción a Panamá de la Influenza Aviar de Alta Patogenicidad (IAAP), que\xa0\xa0 fue diagnosticada en Canadá y en varios Estados de Estados Unidos, el Ministerio de Desarrollo Agropecuario (MIDA), por medio de la Dirección Nacional de Salud Animal, emitió una alerta zoosanitaria.', 'La alerta se emite mediante la resolución\xa0 N°. ADM-DSA-028-2022, que lleva la firma del Dr. Concepción Santos Sanjur, Director Nacional de Salud Animal del MIDA.', 'La resolución prohíbe las importaciones de aves vivas y de cualquier producto o subproducto o material genético de origen avícola, provenientes de países o regiones afectados con la IAAP.', 'La medida será temporal hasta el estatus zoosanitario de los países afectados sea nuevamente reestablecido por la Organización Mundial de Sanidad Animal (OIE) y que Panamá respetará el criterio técnico de región y zonas libres de la enfermedad que haya acordado con algunos países.', 'Esta enfermedad afecta actualmente a más de 60 países en el mundo y recientemente fue detectada en Canadá y en Estados Unidos.', 'Las autoridades sanitarias panameñas han extremado la vigilancia de la IAAP frente al brote de Estados Unidos ya que el pie de cría avícola de Panamá proviene principalmente de Estados Unidos.\n\n', 'Panamá por ser un país de tránsito tiene alto riesgo de introducción, establecimiento y diseminación de esta enfermedad, la cual tiene implicaciones para la salud humana por su capacidad zoonótica, efectos socioeconómicos negativos para la industria avícola nacional, la autosuficiencia alimentaria y la seguridad nacional, de no tomarse medidas sanitarias urgentes y efectivas.', 'El lunes 21 de marzo el Director Nacional de Salud Animal y su equipo de especialistas sostuvieron una reunión con la Asociación Nacional de Avicultores de Panamá para fortalecer la alianza MIDA-Productores en la implementación de las medidas sanitarias adoptadas.', 'VEA TAMBIÉN:\xa0Persiste pulseo entre Capac y Suntracs, en medio de advertencia de una huelga nacional', '¡Mira lo que tiene nuestro canal de YouTube!']"
12,1.0,1.0,"Persiste pulseo entre Capac y Suntracs, en medio de advertencia de una huelga nacional",['24/3/2022'],"La propuesta inicial de la Capac era aumentar 7 centavos que se dividirían en los próximos 4 años. Posteriormente, hicieron un incremento de 7 a 10 centavos, es decir, un aumento aproximado de 2 a 3 centavos por año.","['Obreros del Suntracs cerraron en Arriján este jueves generando un enorme tranque vehicular. Foto: Cortesía Suntracs', 'El pulseo entre la dirigencia del Sindicato Único Nacional de Trabajadores de la Construcción y Similares (Suntracs) y la Cámara Panameña de la Construcción (Capac) se mantiene, en medio de una adverntencia de huelga nacional.', 'La diferencia entre el Suntracs y la Capac radica en la escala salarial que se debe establecer por los próximo cuatro años.', 'Cada cuatro años la Capac y el Suntracs negocian una convención colectiva donde se establecer los acuerdos laborales para ese periodo.', 'Durante las negociaciones, ambas partes lograron 149 acuerdos de las 153 cláusulas negociadas, quedando pendiente el tema salarial, en el cual no ha habido consenso.', 'La propuesta inicial de la Capac era aumentar 7 centavos que se dividirían en los próximos 4 años. Posteriormente, hicieron un incremento de 7 a 10 centavos, es decir, un aumento aproximado de 2 a 3 centavos por año.', 'En tanto la dirigencia del Suntracs proponían un aumento de 70 centavos para 4 años, y posteriormente bajaron 3 centavos, dejándolo en 67 centavos divididos en 16 ,16, 17 y 18 centavos por año, sin embargo, para la Capac, “parecen cifras pequeñas pero son miles de trabajadores, son cifras importante”, dijo Carlos Allen, presidente de la Capac, quien además resaltó la contracción económica que se registró en los meses anteriores.\n\n', 'El dirigente de Capac arguments que en\xa0 año 2018, cuando se negocio la convención pasada, el país tenía\xa0 una economía estable y una industria con un desarrollo satisfactorio, se convinieron los actuales salarios para los trabajadores de la construcción. ""No obstante, en la actualidad la industria atraviesa por difíciles momentos, y a pesar de ello, el Suntracs pretende incrementos de salarios por encima de los acordados en la pasada convención"", destaca.', 'Por su parte,\xa0 Erasmo Cerrud del Suntracs señala que\xa0 la Capac no ha logrado hacer propuestas cónsonas con la realidad que vive el trabajador y su familia.', 'VEA TAMBIÉN:\xa0Viceministro de Finanzas asegura que mercado de valores sigue fortaleciendo su infraestructura de negociación', 'Manifestó que: “El sindicato ha cumplido con todas las formalidades que establece la ley... hemos estado negociando desde septiembre del año pasado. Estamos esperando”.', 'La mañana de este jueves obreros afiliados al\xa0 Suntracs cerraron calles en Panamá Oeste, afectando el tráfico para centenares de conductores, mientras protestaban por el alto costo de la vida y exigían a la Capac reconocer el aumento.', 'Ya varios sectores han mostrado su preocupación por una posible huelga en el sector de la construcción, teniendo en cuenta que la economía del país apenas empieza a recuperarse de dos años de pandemia de covid-19.', 'Tanto la Cámara de Comercio, como la SPIA han pedido a ambas partes lograr un acuerdo que evite una huelga, donde al final perderá todo el país.', 'VEA TAMBIÉN:\xa0Panameños quieren a Sabonge fuera del MOP', 'El Suntracs ha dicho que si de aquí al lunes 4 de abril no hay un acuerdo, declararán una huelga a nivel nacional.']"
13,2.0,2.0,Viceministro de Finanzas asegura que mercado de valores sigue fortaleciendo su infraestructura de negociación,['24/3/2022'],"Destacó que durante al año pasado hubo un récord de $7,100 millones en emisiones registradas por la SMV, sin incluir las que hace el Gobierno, lo cual representa un crecimiento de 4.4%, en relación con el periodo anterior. También en 2021 hubo pagos de capital, intereses y dividendos a inversionistas por $3,462 millones.","['Lo planteado fue expuesto durante la presentación de los retos presentes y futuros de la plaza bursátil panameña, realizada por la Superintendencia del Mercado de Valores (SMV). Foto: Cortesía MEF', 'El viceministro de Finanzas, Jorge Almengor, aseguró que “Panamá sigue fortaleciendo la infraestructura de su mercado de valores, para atraer más inversionistas y profundizar la liquidez, tanto para el sector público, como para el privado.', 'La afirmación del funcionario se dio durante la presentación de los retos presentes y futuros de la plaza bursátil panameña, realizada por la Superintendencia del Mercado de Valores (SMV).', 'Destacó que durante al año pasado hubo un récord de $7,100 millones en emisiones registradas por la SMV, sin incluir las que hace el Gobierno, lo cual representa un crecimiento de 4.4%, en relación con el periodo anterior. También en 2021 hubo pagos de capital, intereses y dividendos a inversionistas por $3,462 millones.', 'Planteó\xa0 que para el Ministerio de Economía y Finanzas (MEF) es importante tener presencia a nivel local e internacional, sobre todo tomando en cuenta que en Panamá existe una ventana de conexión entre el depositario doméstico Latinclear y Euroclear.', 'Esa conexiónn permite abrir el compás para que más inversionistas internacionales puedan comprar los papeles panameños.', 'La ventana con Euroclear (uno de los mayores sistemas de compensación y liquidación de valores del mundo) está en la primera fase, la cual permite ofertar\xa0 valores públicos y semipúblicos. Sin embargo, la siguiente fase permitirá que valores privados sean también ofrecidos a través de este enlace.\xa0\n\n', 'Agregó el viceministro que la iniciativa es impulsada por el MEF, junto con la SMV y todos los actores del mercado, agregó el Viceministro de Finanzas.', 'La presentación de los retos presentes y futuros del mercado de valores de Panamá estuvo a cargo del Superintendente Julio Javier Justiniani.', 'VEA TAMBIÉN:\xa0Panameños quieren a Sabonge fuera del MOP']"
14,3.0,3.0,Panameños quieren a Sabonge fuera del MOP,['24/3/2022'],"El ministro Rafael Sabonge es el primero en la lista de cambios en el Gabinete, según reveló la última encuesta de Gallup Panamá.","['Rafael Sabonge es uno de los ministros más cuestionados por su gestión como titular del MOP. Foto: Grupo Epasa', 'El ministro de Obras Públicas, Rafael Sabonge, es el primero en la lista de cambios en el Gabinete, que le gustaría ver a la mayoría de los panameños, de acuerdo con la última encuesta de Gallup Panamá.', 'Sabonge es considerado uno de los peores ministros del Gabinete de Cortizo y las críticas llegan por la falta de respuesta ante el mal estado de las carreteras en todo el país.', 'Precisamente en la última semana, Sabonge ha estado bajo cuestionamientos al conocerse que le ha dado casi 300 millones de dólares en contratos a una empresa vinculada al círculo de poder del Partido Revolucionario Democrático (PRD) y el gobierno de Laurentino Cortizo.', 'Juan Carlos González Abadía es el representante legal de la constructora Inico y es hermano de Félix Pille González, quienes han logrado contratos millonarios entre el 2021 y 2022.', 'Esto incluye contrataciones directas y licitaciones, en donde Ininco ha sido la única empresa que presentó ofertas. Sin embargo, documentos oficiales revelan que Sabonge también le ha otorgado, en menor escala, contratos a empresas investigadas por supuestos actos corrupción en el exterior y a nivel local, entre ellas la tica MECO.', 'Sabonge también ha pactado con la Constructora Urbana S.A. (CUSA), la empresa favorita en el Ministerio Obras Públicas (MOP) durante la gestión del expresidente Juan Carlos Varela y el exministro Ramón Arosemena.\n\n', ""El año pasado, el actual ministro ejecutó un fallo del Tribunal Administrativo Tributario, donde cambió de contratista a la empresa CUSA por Meco para la construcción de la carretera autopista- Puerto de Vacamonte, por 52.5 millones de dólares.'"", 'empresas han son las favoritas para adjudicarse los contratos millonarios del MOP.', 'millones de dólares para constructoras ligadas al Partido Revolucionario Democrático.', 'Entre las obras que le fueron adjudicadas a MECO fueron: la construcción y financiamiento del puente vehícular sobre el río Bayano por $22 millones.', 'VEA TAMBIÉN:\xa0¡Sin tregua! Nuevo incremento en el costo de la gasolina y el diésel a partir del viernes', 'La empresa CUSA tiene 4 contratos que le ha adjudicado la gestión de Sabonge, entre ellos, uno compartido con Ininco por 81.9 millones de dólares para la rehabilitación de la vía La Feria-Playa Paunch, Vía Big Creek-Boca de Drago y las calles internas de Isla Colón en Bocas del Toro.', 'MECO está mencionada en el escándalo Blue Apple y una supuesta cadena de corrupción en obras contratadas por el gobierno de Costa Rica. Uno de sus directivos incluso estuvo detenido y a órdenes de los tribunales de justicia costarricense.', 'También Sabonge le adjudicó a CUSA el diseño y construcción de la carretera panamericana desde Yavisa hasta Pinogama y puentes sobre el río Chucunaque y Río Tuira por 41.2 millones de dólares.', 'CUSA también ha sido beneficiada en el gobierno de Laurentino Cortizo con el contrato de construcción de los puentes modulares para El Progreso por otra cifra millonaria: 78.9 millones de dólares.', ""VEA TAMBIÉN: Laurentino Cortizo habló de una economía 'sólida y pujante' a los empresarios en Expocomer 2022"", 'Por otro lado, Sabonge incluyó a CUSA en los contratos directos que hizo bajo el Estado de emergencia que decretó en el gobierno para Chiriquí en 2020. De forma directa, el ministro de Obras Públicas le dio a CUSA la construcción de los puntos críticos en la vía Gualaca-Chiriquí Grande, debido el estado de emergencia decretado en diciembre de 2020 en Chiriquí.', 'Además, en una compra del MOP para el uso de asfalto a nivel nacional, Ininco participó en la licitación junto a 9 empresas, y salió elegida entre las tres que se repartieron el contrato. A Ininco le tocó un contrato de 1.6 millones de dólares, mientras que Ingeniería PC otro de 1.6 millones de dólares e Inversiones FJ por 980 mil dólares.']"
15,0.0,0.0,¿Hacia dónde se dirige el mercado laboral?,['25/3/2022'],"La pandemia dejó en evidencia, la necesidad de abrir nuevos caminos, así como reforzó la demanda de actividades como logística, servicios y marítima.","['Los nuevos contratos de trabajo tienden a recuperarse, con más de 36 mil firmados en los dos primeros meses del año, casi 10 mil más que en el mismo periodo de 2021.', 'Sin embargo, las cifras son inferiores a los primeros meses de 2020, antes de la pandemia, cuando se firmaron más de 55 mil.', 'Según el Centro Nacional de Competitividad, en el mercado laboral ""persisten los problemas estructurales y los desequilibrios entre la oferta y la demanda laboral que la pandemia profundizó"".', 'Con base en esa suposición, la interrogante radica en qué clase de empleo es la que se está reactivando en un país que en un año llegó a tener 18% de desempleo y sufrió una caída en su economía en un porcentaje similar.', 'Según la ministra de Trabajo, Doris Zapata, el sector logístico emerge como generador de empleos y recordó que fue uno de los pocos que no se detuvo durante el confinamiento provocado por la pandemia.', 'Además, también está el sector servicios, motor tradicional de la economía, principalmente el área de comunicación bilingüe.\n\n', '""Se coordina con el Inadeh, el ITSE y organizaciones privadas que ofrecen la oportunidad de capacitarse en tema de idiomas para que se pueda optar por oportunidades laborales"", informó Alfredo Mitre, director de empleo del Ministerio de Trabajo.', 'Otras actividades que no dejaron de operar en pandemia fueron la marítima y portuaria.', ""VEA TAMBIÉN:\xa0Crece descontento con gestión realizada por Laurentino 'Nito' Cortizo y José Gabriel Carrizo"", 'Se tiene identificados puntos del país donde estas pueden descollar como Chiriquí, Colón, Panamá y Panamá Oeste.', '""Es un área que hay que empezar a fortalecer desde la educación premedia"", dijo Mitre, quien dijo que lo promoverán desde ese nivel educativo.', 'Recientemente, ante el despertar de la economía, algunas empresas están buscando mano de obra, como un centro de llamadas que pondrá a disposición 800 plazas en este año y la construcción de una generadora de electricidad en Colón, en la cual se generarán hasta 3,000 empleos.', 'Además de la necesidad de dominar un segundo idioma, en estos momentos el mercado necesita la integración de mano de obra capacitada a corto plazo.', 'VEA TAMBIÉN:\xa0Detenido se hace pasar por otro y se fuga del cuartel de Policía en Colón', 'Esa visión la entiende el Instituto Técnico Superior Especializado (ITSE), que está por abrir una nueva escuela dirigida al entorno digital.', 'La gerente del ITSE, Milena Gómez, informó que de 10 llamadas que se reciben 8 son de personas interesadas por conocer cuando va a abrir la escuela.', 'Adelantó que en estos momentos están identificando a los profesionales que servirán de instructores de los cursos para luego trabajar la parte curricular.', 'Dijo que hay empresas interesadas en contar con profesionales en ciberseguridad, que será uno de los programas que se dictará.', 'VEA TAMBIÉN:\xa0Influenza Aviar de Alta Patogenicidad: Mida decreta alerta zoosanitaria ante riesgo de entrada', 'En el campo digital, tan llamativo es el interés como la necesidad de contar con ese personal.', 'Gómez reveló que el mercado demanda 7 mil profesionales en esta área, pero Panamá, desde el punto de vista académico no estaba respondiendo.', 'También, los programas de logística y artes culinarias del ITSE generan interés.', '¡Mira lo que tiene nuestro canal de YouTube!']"
0,,,Canal de Panamá revela propuesta de nueva estructura de peajes simplificada,['01/4/2022'],"Esta nueva estructura se basa en una tarifa fija por tránsito, de acuerdo con la esclusa utilizada y la categoría de tamaño del buque.","[' Nueva estructura simplificada minimiza la complejidad y facilita las transacciones. Foto: EFE', 'El Canal de Panamá publicó este viernes una propuesta de ajuste a las tarifas en base a una nueva estructura que reduce de 430 a menos de 60 las líneas tarifarias, informó la administración de la vía interoceánica.', 'En un comunicado que no revela el porcentaje de ajuste del coste de los tránsitos, el canal afirmó que la nueva estructura simplificada minimiza la complejidad y facilita las transacciones ""al eliminar las bandas de peajes e introducir tarifas basadas en las esclusas utilizadas y el tipo y tamaño del buque"".', 'Esta nueva estructura se basa en ""una tarifa fija por tránsito, de acuerdo con la esclusa utilizada y la categoría de tamaño del buque (regular, súper o neopanamax). Para algunos tipos y tamaños de buques, estas categorías se subdividen para que la tarifa sea acorde con el valor que el Canal brinda a sus clientes"".', 'También en ""una tarifa de capacidad por tipo de buque, categoría de tamaño y de acuerdo con la unidad de cobro establecida, que corresponde al valor del servicio proporcionado por el Canal"".', 'La propuesta reemplaza las tarifas para buques en lastre, que en adelante ""pagarán un porcentaje del peaje regular, independientemente del segmento de mercado. Las tarifas para viajes de retorno para buques portacontenedores y gas natural licuado (GNL) se eliminan"".', 'Además, se modifica el programa de lealtad creado en 2016 para ""incentivar la migración hacia las esclusas neopanamax, y que cumplió su propósito, pues actualmente, el 55 % del tonelaje total transita por estas esclusas"".\n\n', 'Así, el programa de lealtad de buques portacontenedores establece una sola categoría (hasta son 6) aplicable a aquellos clientes que acumulen más de 1,5 millones TEU por año.', 'Se establecerá un período de gracia en los años 2023 y 2024, durante el cual la versión simplificada del programa de lealtad permanecerá vigente. En el año 2025 se eliminará el programa de lealtad"", dijo el Canal de Panamá, por donde pasa el 3.5 % del comercio mundial que se mueve por mar.', 'VEA TAMBIÉN:\xa0Suntracs mide fuerza con la Capac y paraliza 99% de obras en huelga de advertencia', '""Nuestra capacidad para mantener una ruta segura y confiable en medio de los crecientes desafíos ambientales y de la cadena de suministro depende de hacer inversiones estratégicas y ajustes a nuestra estructura"", dijo el vicepresidente de Finanzas del Canal de Panamá, Víctor Vial.', 'La administración de la vía precisó que ""junto con los cambios propuestos a su estructura de peajes, el Canal de Panamá planea invertir un estimado de 2,000 millones de dólares en proyectos hídricos"", además de otras ""inversiones adicionales en transformación digital, mantenimiento de infraestructura, así como nueva infraestructura y equipos con el objetivo de convertirse en carbono neutral para el año 2030"".', 'El Canal invitó a los interesados en participar en el proceso de consulta sobre la propuesta, así como en la audiencia pública que tendrá lugar el próximo 20 de mayo.', 'Luego de una evaluación y análisis de los comentarios recibidos, y una vez incorporados a la propuesta los cambios pertinentes, el Consejo de Gabinete de la República de Panamá aprobará oficialmente las modificaciones a la estructura de peajes, que se implementarán gradualmente de enero 2023 al 2025.', 'El año fiscal 2021 fue ""excepcional"" para el Canal, con un récord de 516.7 millones de toneladas transitadas, un 8.7 % más que el año anterior y un 10 % por encima de 2019, dijo en octubre pasado el administrador de la vía, Ricaurte Vásquez, que previó un crecimiento más moderado para 2022.', 'La vía interoceánica entregó el pasado 16 de diciembre más de 2,080 millones de dólares al Estado panameño, un aporte récord y correspondiente al año 2021. Para 2022 espera aportar 2,497.2 millones de dólares, según establece el presupuesto aprobado por el Parlamento.']"
1,,,Suntracs mide fuerza con la Capac y paraliza 99% de obras en huelga de advertencia,['01/4/2022'],El Suntracs afirma que los más de 20 mil trabajadores en 274 proyectos a nivel nacional respaldaron en más de un 99% el llamado a huelga de advertencia.,"['A tres día para una huelga nacional de trabajadores de la industria de la construcción en Panamá. Foto: Tráfico C Panamá', 'A tres día para una huelga nacional de trabajadores de la industria de la construcción en Panamá. Foto: Tráfico C Panamá', 'Las condiciones están dadas para la huelga nacional de trabajadores de la construcción, dirigentes del Sindicato Único de Trabajadores de la Construcción (Suntracs) esperan propuestas serias por parte de la Cámara Panameña de Construcción (Capac), advirtió el secretario general del sindicato, Saúl Méndez.', 'Méndez afirma que unos 20 mil trabajadores del Suntracs a nivel nacional respaldaron en más de un 99% el llamado a huelga de advertencia programado para este viernes.', 'El dirigente indicó que fueron 274 los proyectos que estuvieron paralizados por espacio de una hora.', 'Méndez afirma que el mensaje fue enviado a la Capac. ""Mientras ellos aúpan confrontación sin propuestas, la respuesta de Suntracs ha sido contundente"", agregó.', 'A tres días para el inicio de la huelga nacional, el sindicato insiste que la Capac tiene el panorama claro y esperan propuestas serias en materia de salario para cerrar el conflicto.', 'El Suntracs aspira negociar las cláusulas del convenio pendientes, así como un aumento o ajuste razonable al salario\xa0que permita a los obreros enfrentar el alto costo de la vida, de los medicamentos, los alimentos, combustible y electricidad.\n\n', '""La acción estaba convocada para mostrar en qué condiciones estamos para iniciar una huelga el 4 de abril"", indicó Méndez.', 'La propuesta de los empresarios se mantiene en uno y dos centavos hasta el 2025; la oferta del Suntracs implica de 16 a 18 centavos por horas al 2025, detalló el dirigente.\xa0', 'VEA TAMBIÉN:\xa0Gremio marítimo denuncia intromisión del director de Gente de Mar', 'Trabajadores del Suntracs de los siete grupos en Panamá y las provincias paralizaron las obras por espacio de una hora, con la distribución de volantes, asambleas, piqueteos, y movilizaciones en calles.', 'El dirigente Genaro López felicitó a los obreros que respaldaron la huelga de advertencia y asegura que la acción demuestra la disposición que tiene para luchar por la firma de la convención colectiva.', 'La Cámara Panameña de Construcción (Capac) estima que la huelga de trabajadores de la construcción podría dejar pérdidas económicas por más de 100 millones de dólares.', '\xa0', 'Movilización de obreros del @suntracs1, exigen un ajuste de salario o se irán a huelga nacional. pic.twitter.com/lX7IJIiTic— PanamáAmérica (@PanamaAmerica) April 1, 2022', '\xa0']"
2,,,¿Listo para conseguir trabajo?,['01/4/2022'],"El docente y asesor de imagen en Panamá, Gabriel Velásquez, recomendó algunas estrategias eficaces que se pueden aplicar para conseguir trabajo.","['El buscar trabajo conlleva una serie de elementos que hay que tomar en cuenta, porque pueden ayudar a ser contratado. Foto: Ilustración Panamá América', 'El desempleo en Panamá alcanzó el 18.5% en el 2020, la tasa más alta en 20 años a consecuencia de la pandemia de la covid-19 que impactó fuertemente a la economía del país, ocasionando el cierre de múltiples empresas.', 'Ahora que pareciera que todo ha vuelto a la normalidad y que la economía sigue recuperándose en el país, muchas son las personas que se han lanzado a la aventura de buscar un nuevo trabajo o conseguir uno por primera vez.', 'A continuación, el docente y asesor de imagen en Panamá, Gabriel Velásquez, recomendó algunas estrategias eficaces que se pueden aplicar para conseguir trabajo.', 'Habilidades y destrezas en el campo laboral¿Qué sé hacer? Esta es la primera pregunta que recomienda responder el asesor de imagen antes de buscar un empleo.', '', '""Qué fortalezas yo ofrecería a la empresa, qué yo tengo como capacidades y también qué cosas puedo mejorar, para no decir debilidades"", dijo Velásquez.\n\n', 'Cultura organizacionalSe trata de aquellos principios que conforman la personalidad de la empresa y que asientan las bases de sus procesos y actitud.', '""Hay que ver si yo voy a encajar en esa empresa, porque si no soy de corbata y saco, y es un ambiente formal, tipo abogado o banco, no puedo estar quejándome e incómodo de que no soy de ese tipo de ambiente"", explicó el docente en la Universidad Latina y en la Universidad Interamericana.\xa0\xa0', 'Imagen y organización\xa0 del CVEl currículum vitae (CV) o hoja de vida es la primera carta de presentación que una persona entrega cuando se postula a un puesto de trabajo y debe entenderse como la representación de la imagen personal.', 'VEA TAMBIÉN:\xa0Los pecados de Thomas Christiansen y las enseñanzas que dejó el camino hacia Qatar 2022', 'En el CV se presenta un resumen del conjunto de estudios, méritos, cargos, premios, experiencia laboral que ha desarrollado u obtenido una persona a lo largo de su vida laboral o académica.', 'Para Velásquez el currículum vitae es la herramienta clave que debe ayudarnos a abrir las puertas en las diferentes empresas.\xa0', '""Hay muchos formatos para elaborar una hoja de vida. Generalmente se empieza por el trabajo más reciente al más antiguo, precedido de datos generales de uno"", recomendó.', 'No mentirEl CV solo debe llevar la información que se pueda comprobar.\xa0', '""Como buscador de empleo puedo decirle al empleador que puede llamar a una persona como referencia para comprobar la información que presento en mi currículum"", precisó.', 'VEA TAMBIÉN:\xa0Román Torres rompe el silencio y se refirió en video a la eliminación de Panamá', 'En este punto lo ideal es buscar un formato en que la información más importante sea condensada en una sola cara o dos como máximo, en el caso de que haya mucha experiencia.', '""Uno quiere poner todos los datos, porque considera que esto le va a agradar a la empresa, pero lamentablemente no lo van a leer todo porque no hay tiempo"", acotó.', 'Al referirse a la falta de tiempo, dio el ejemplo de que en una aplicación lleguen 200 o 300 currículum. Explicó que la persona que evalúa no tiene tiempo para sentarse a detallar cada cosa de la hoja de vida.', '""Mirará lo más importante y lo que le interesa"", precisó.', 'VEA TAMBIÉN:\xa0Tenga cuidado a quién le abre la puerta de su casa, podría ser un abusador sexual de menores', 'El idioma inglésEn las hojas de vida las personas suelen colocar, en relación con el idioma inglés, que lo manejan básico o intermedio.', 'La recomendación por parte de Velásquez es poner porcentajes de hablado, escrito y de entendimiento del idioma inglés.\xa0\xa0', 'Obviar estudios primariosDe estudios secundarios en adelante son los detalles que deben aparecer en el currículum vitae.', 'DiseñoEl diseño del CV no debe ser muy escandaloso, pero tampoco puede ser aburrido.\xa0""Puede tener un tono de color, un azul, que sea muy sencillo para darle vitalidad"", afirmó.', ""VEA TAMBIÉN:\xa0¡Testimonio desgarrador! 'Tenía la boleta de protección en mis manos cuando me disparó tres veces a quemarropa'"", 'La fotoAunque no es obligatorio en un currículum vitae el tema de la foto, el docente y experto en imagen sugiere que sí se agregue, pero que sea profesional.', '""La foto le da personalidad al currículum, siempre la foto le llamará la atención a la persona que va a evaluar el currículum"", aclaró.', 'Las referencias en el CVSon aquellas personas con las que el empleador puede ponerse en contacto para preguntar o aclarar dudas sobre el desempeño de la persona que busca empleo, sus tareas dentro de una empresa o cualidades en anteriores puestos de trabajo.', 'VEA TAMBIÉN:\xa0Regreso a clases presenciales: Portar la mascarilla por mucho tiempo puede provocar ansiedad en los estudiantes', 'Opciones para buscar trabajoDefinidas las habilidades y destrezas en el campo laboral, la persona está lista para iniciar la búsqueda de trabajo en las redes sociales como Instagram y Facebook, así como en las diferentes páginas web de empleo.\xa0', '""Esto nos dará la oportunidad de prepararnos para que, cuando se asista a la entrevista laboral, esté listo para afrontar una serie de retos que se van a dar en el momento y que tendrán que asumir, porque estoy siendo evaluado por unas personas que quieren saber lo mejor de mí"", enfatizó.', 'Vestimenta adecuadaUna de las principales reglas en una entrevista de trabajo es acudir aseado y la barba bien cuidada o rasurada en el caso de los hombres, mientras que las mujeres deben estar bien peinadas y maquilladas.', 'En el caso de la vestimenta deben estar bien planchadas y limpias.', 'VEA TAMBIÉN:\xa0Lo que debes saber antes de viajar al Mundial: Te lo cuenta un panameño que vive en Qatar', 'Los hombres pueden usar prendas con tonalidades oscuras como azul marino, negro o gris, que serán combinados con camisa clara como azul o blanco.', 'En el caso de las mujeres podrían optar por un traje de falda o pantalón con tonos como el lila, rosado o beis.', 'Puntualidad y actitudSiempre será importante llegar a la entrevista con 15-20 minutos de antelación. La puntualidad es muy importante.', 'También está el tema de la actitud que presente la persona durante la entrevista de trabajo. La actitud debe ser siempre educada y reflejar confianza en uno mismo y en el puesto.', '""El tema de la actitud puede ser un complemento muy beneficioso para los que buscan empleo"", recalcó.', ""VEA TAMBIÉN:\xa0Ángel 'Mbappé' Rodríguez: El vaquero herrerano que firmó para jugar béisbol profesional"", 'Practicar antes de la entrevistaSi no logras prepararte para las preguntas clásicas de la entrevista, no darás una buena impresión.', '""Hay que practicar posibles respuestas a posibles preguntas, para que la persona que entrevista se lleve la mejor imagen de uno"", concluyó.']"
3,,,Gremio marítimo denuncia intromisión del director de Gente de Mar,['01/4/2022'],Piden suspender la redacción del borrador para el nuevo reglamento de practicaje ya que consideran que no existe un ambiente apropiado debido a la desconfianza que tienen las empresas que conforman el sector marítimo.,"[' Polémica por modificación del de practicaje. Foto: Epasa', 'Representantes de las empresas de practicaje marítimo solicitaron suspender las conversaciones para modificar el reglamento de practicaje, ya que consideran, entre otras razones, que esta es competencia de la Dirección General de Puertos y no de la Dirección de Gente de Mar.', 'La solicitud se hizo mediante una nota enviada al capitán Juan Maltez, director general de la Dirección de Gente de Mar de la Autoridad Marítima de Panamá (AMP).', 'La nota que lleva la firma de los dueños de las 9 empresas existentes en nuestro país, indica que deben suspenderse la redacción del borrador para el nuevo reglamento ya que consideran que no existe un ambiente apropiado debido a la desconfianza que tienen las empresas que conforman el sector marítimo debido a la gestión realizada para llevar a cabo este reglamento.', 'Además, el gremio pide poner en pausa estas conversaciones hasta que se cumplan algunos puntos específicos y que consideran de importancia para la redacción del nuevo reglamento, uno de ellos, que se haga una visita y se evalúe las operaciones de practicaje de cada empresa además de todo el sistema de apoyo a sus operaciones.', 'También solicitan que el objeto principal de las modificaciones se enfoque en regular específicamente las actividades relacionadas con la Titulación de Pilotos con base a las categorías existentes por recinto portuario.', 'Al respecto, el presidente de la Cámara Marítima de Panamá, Enrique Clement, dijo en una entrevista que los puntos presentados , habían sido previamente discutidos por el gremio con las empresas de practicaje, en una reunión el pasado 24 de marzo.\n\n', 'En esa reunión se acordó que no continuarían con la revisión del borrador, ya que existían temas como el de las sanciones que podrían resultar perjudiciales para los trabajadores de la industria marítima.', 'El capitán Carlos García, uno de los firmantes de la nota enviada a la AMP, señaló que aunque están conscientes que deben hacerse cambios en el Reglamento de Practicaje, ya que, desde que se redactó la normativa actual, ha habido muchos cambios en el país, como la creación de nuevos puertos y la llegada de los buques Neopanamax, los tiempos no son los mejores para hacer estos cambios tan importantes para el sector marítimo.', 'VEA TAMBIÉN:\xa0Sesión permanente en el Ministerio de Trabajo para evitar paralización en la construcción', ' ']"
4,,,Sesión permanente en el Ministerio de Trabajo para evitar paralización en la construcción,['01/4/2022'],La ministra de Trabajo y su equipo estarán anuentes el sábado y domingo para que se produzca un acuerdo entre Capac y Suntracs.,"['Como ocurre siempre cuando hay una huelga convocada, se espera que las negociaciones en este fin de semana sean maratónicas para tratar de llegar a un acuerdo. Archivo', 'Este fin de semana no se dormirá en el Ministerio de Trabajo y Desarrollo Laboral.', 'La línea está trazada y es evitar que la construcción se paralice con una huelga, por lo que el viceministro Roger Tejada anunció que estarán en sesión permanente como garantes de las negociaciones entre la Cámara Panameña de la Construcción (Capac) y el Sindicato Único Nacional de Trabajadores de la Construcción (Suntracs).', '""Vamos a estar en sesión permanente para evitar a toda costa la huelga, el 4 de abril. La ministra y todo su equipo, todo el fin de semana, vamos a estar trabajando en esa negociación"", dijo Tejada.', 'En los últimos días, el clima no ha sido tan agradable entre las partes.', 'La dirigencia del Suntracs ha acusado a la Capac de intentar persuadir a los obreros, lo que viola la libertad sindical contemplada en leyes nacionales y convenios internacionales.', 'El gremio empresarial, por su parte, promueve abiertamente una campaña paralela a la mesa de negociaciones en la que advierte de los perjuicios de una huelga en la industria y busca que los obreros no apoyen la huelga.\n\n', '""El llamado es a ambas partes de que se de el respeto dentro y fuera de la negociación y lo más importante es que ninguno intervenga en las acciones y estrategias de otro"", señaló el viceministro de Trabajo.\'', 'de septiembre de 2021, Suntracs entrega a la Capac el pliego de peticiones para negociar una nueva convención colectiva.', 'cláusulas contiene la convención colectiva, de las que solo falta acordar las salariales.', 'Tejada especificó que mediante la negociación, ellos como garante están tratando de evitar la huelga, pero aclaró que esta es un derecho constitucional establecido en el Código de Trabajo.', 'VEA TAMBIÉN:\xa0Marzo de 2022 cierra con 9,141 casos de covid-19 y 87 muertes', '""Hacemos un llamado a las partes para que se respeten, entendiendo que la libertad sindical es un derecho y un principio"", pidió Tejada.', 'Ayer, la dirigencia del Suntracs presentó una denuncia ante la Dirección General de Trabajo por lo que consideró como una interferencia de la Capac con el libre ejercicio del derecho a huelga que le asiste a los trabajadores.', '""Ha estado agitando agua dentro de los centros de trabajo, unas aguas que no se saben las consecuencias en que pueda terminar este conflicto"", dijo Erasmo Cerrud, jefe negociador del equipo del Suntracs.', 'La importancia por evitar una huelga en la construcción en medio de una economía que todavía no se ha recuperado ha motivado hasta que el propio presidente Laurentino Cortizo, se reuniera con la Capac y el Suntracs, tratando de encontrar un entendimiento.', 'VEA TAMBIÉN:\xa0La Arap defiende concesión de más de 50 mil hectáreas para maricultura en Puerto Armuelles', '""Luego de la reunión del presidente con el Suntracs confiamos en que haya mejor ambiente para negociar"", dijo el viceministro de Trabajo, luego que el miércoles en la tarde el mandatario se reuniera con la dirigencia del sindicato.', 'El funcionario recalcó la intención de evitar la huelga, porque de una manera u otra hace cuatro años una medida similar le costó al país.', '""Lo que queremos es no afectar a los empresarios y a los trabajadores mucho menos"", dijo Tejada.', 'Según estimaciones de los empresarios, la huelga de 2018 ocasionó pérdidas económicas por $900 millones.', 'VEA TAMBIÉN:\xa0Proponen aumentar décimo tercer mes a servidores públicos', 'Como una muestra de la confrontación que se ha venido dando desde antes de la huelga, en la mañana de hoy, de 7:00 a.m. a 8:00 a.m. se realizará una huelga de advertencia por parte del Suntracs.', '""Ellos quieren medir fuerza con nosotros, vamos a demostrarle la capacidad que tenemos"", dijo Saúl Méndez, secretario general del Suntracs.', 'La huelga convocada para el próximo lunes afectaría a 274 proyectos afiliados a la Capac, en los que laboran un aproximado de 20 mil obreros.', '¡Mira lo que tiene nuestro canal de YouTube!']"
5,,,Implementarán uso del vale digital para pagar carreras de taxis,['31/3/2022'],La medida forma parte del acuerdo entre transportistas y el Gobierno mediante el cual se les concederá $8 millones en subsidio.,"['Hay más de 47 mil cupos de taxis, según estadísticas de la Autoridad del Tránsito (ATTT). Foto: Archivo', 'Los beneficiarios del vale digital podrán pagar sus carreras de taxis por medio de su cédula, al igual que realizan sus compras en los supermercados y almacenes.', 'Esta alternativa forma parte del acuerdo firmado entre dirigentes transportistas y la Autoridad del Tránsito y Transporte Terrestre (ATTT), el pasado miércoles.', 'El administrador de la Autoridad para la Innovación Gubernamental (AIG), Luis Oliva, informó que ya se está trabajando en una aplicación para que se pueda realizar el cobro en el transporte selectivo.', '“Los transportistas van a poder descargar un aplicativo que va a estar en línea, para que ellos puedan hacer el cobro”, detalló Oliva.', 'Agregó que va a ser regulado por la ATTT,\xa0 que les pasará la base de datos de los taxistas y los transportistas que van a estar aptos para utilizar la plataforma.', 'VEA TAMBIÉN:\xa0Huelgas y cierres de calle no resuelven nada, alerta el Consejo Nacional de la Empresa Privada\n\n', 'Cómo funcionará', 'Oliva describió que\xa0 el aplicativo es muy sencillo de manejar por el usuario.', 'La persona\xa0 presentará su cédula y la aplicación que tendrá el taxista lo que hará es\xa0 escanear con la cámara del celular el documento de identidad personal y, en el acto, se\xa0 le hará el cobro de la carrera.', 'Dentro del acuerdo, existe la posibilidad\xa0 que también se pueda aplicar en el resto del transporte colectivo del país, en\xa0 rutas provinciales y urbanas.', '“Vamos a arrancar con el selectivo y así ver si podemos evolucionarlo”, dijo Luis Oliva.']"
6,,,"Huelgas y cierres de calle no resuelven nada, alerta el Consejo Nacional de la Empresa Privada",['01/4/2022'],Conep considera que estas convocatorias a huelga obedecen a agendas de intereses inconfesables.,"['En las últimas semanas se han registrado múltiples manifestaciones. Foto: Conusi', 'El Consejo Nacional de la Empresa Privada (Conep) expresó su preocupación ante el panorama de huelgas y cierres de calle que hay en el país.', 'Según Conep, la empresa privada estuvo en la primera línea de la promoción de las medidas de bioseguridad y con el interés persistente de restablecer los puestos de trabajo y generar oportunidades, durante el difícil periodo de la pandemia.', '""Hoy, cuando vemos los esfuerzos de los que creemos en un país mejor para todos da sus primeros frutos, nos encontramos con el absurdo panorama de la promoción de huelgas, cierres de calle y llamados a la anarquía"", advirtió el gremio.', 'Conep recalca que todos tienen derecho a la protesta, pero siempre que se ajusten a la convivencia democrática y el respeto a la ley.', 'Piden, además, que las autoridades cumplan y hagan cumplir las normas legales, sin atenuantes, ni distinción.', '""Las huelgas y cierres de calles no resuelven ningún problema"", señaló.\n\n', 'Agrega Conep que es imprescindible enfocarse en generar un entorno que permita restablecer el tejido empresarial, crear empleos y desarrollar las potencialidades del país.', 'Considera que estas convocatorias a huelga obedecen a agendas de intereses inconfesables.', ""VEA TAMBIÉN:\xa0Suntracs advierte a Capac: 'Serán los responsables si hay heridos o confrontaciones en las obras'"", 'El pronunciamiento se da en medio del llamado a huelga del Suntracs y en medio de otros movimientos sociales en diferentes puntos del país.', '¡Mira lo que tiene nuestro canal de YouTube!']"
